{"accuracy": [0.7659838795661926, 0.8568177223205566, 0.8880612254142761, 0.9065797924995422, 0.9166149497032166, 0.9263397455215454, 0.931615948677063, 0.935961127281189, 0.9441340565681458, 0.9451686143875122], "auc": [0.8563515543937683, 0.9256502985954285, 0.9413906335830688, 0.9538476467132568, 0.9616445899009705, 0.9658664464950562, 0.9729080200195312, 0.9756801724433899, 0.9805534482002258, 0.9829658269882202], "loss": [0.5284243226051331, 0.33496612310409546, 0.27363118529319763, 0.23806513845920563, 0.2102215588092804, 0.1943342089653015, 0.17597787082195282, 0.1663433462381363, 0.14951273798942566, 0.14121103286743164], "val_accuracy": [0.8365384340286255, 0.8927884697914124, 0.8932692408561707, 0.911057710647583, 0.9225961565971375, 0.8932692408561707, 0.9134615659713745, 0.8774038553237915, 0.9052884578704834, 0.9038461446762085], "val_auc": [0.9344015717506409, 0.948832631111145, 0.9552854895591736, 0.9571895003318787, 0.9622728228569031, 0.9601303935050964, 0.9614338874816895, 0.959618330001831, 0.9622167944908142, 0.9617570638656616], "val_loss": [0.3758378028869629, 0.27191370725631714, 0.26376962661743164, 0.2377297282218933, 0.20580434799194336, 0.26991212368011475, 0.21477365493774414, 0.2798593044281006, 0.23064546287059784, 0.23529431223869324], "learning_rate": [9.999999747378752e-05, 9.999999747378752e-05, 9.999999747378752e-05, 9.999999747378752e-05, 9.999999747378752e-05, 9.999999747378752e-05, 9.999999747378752e-05, 9.999999747378752e-05, 2.9999999242136255e-05, 2.9999999242136255e-05]}