{"accuracy": [0.8580591678619385, 0.91547691822052, 0.9375129342079163, 0.9582040309906006, 0.9710325002670288, 0.9807572960853577, 0.9856197237968445, 0.9904820919036865, 0.9933788776397705, 0.9965859651565552, 0.9975170493125916, 0.9983447194099426, 0.9986550807952881, 0.999275803565979, 0.9995861649513245], "auc": [0.9134957194328308, 0.9586294889450073, 0.9766479730606079, 0.9860286712646484, 0.9923220276832581, 0.996269941329956, 0.9980379939079285, 0.9986950755119324, 0.9993221759796143, 0.9997075200080872, 0.9998504519462585, 0.9999544620513916, 0.9999877214431763, 0.9999840259552002, 0.9999998807907104], "loss": [0.34866827726364136, 0.22214438021183014, 0.16503725945949554, 0.12347899377346039, 0.09077516943216324, 0.06911641359329224, 0.0503731369972229, 0.04086172580718994, 0.03268992155790329, 0.0236500333994627, 0.018611855804920197, 0.014856227673590183, 0.011895139701664448, 0.009586215950548649, 0.007525400724261999], "val_accuracy": [0.8870192170143127, 0.8956730961799622, 0.9076923131942749, 0.9293269515037537, 0.9225961565971375, 0.9336538314819336, 0.9403846263885498, 0.9418269395828247, 0.9413461685180664, 0.9418269395828247, 0.9408653974533081, 0.9418269395828247, 0.9408653974533081, 0.9432692527770996, 0.9403846263885498], "val_auc": [0.9409167170524597, 0.9441776275634766, 0.9526578783988953, 0.9622989296913147, 0.9596258401870728, 0.9671810269355774, 0.9696218371391296, 0.9711894989013672, 0.9743247032165527, 0.9735400080680847, 0.9718068242073059, 0.9684827327728271, 0.9742742776870728, 0.9729066491127014, 0.9741859436035156], "val_loss": [0.3699008822441101, 0.34832510352134705, 0.29250264167785645, 0.2118937373161316, 0.25892964005470276, 0.2171238660812378, 0.19274838268756866, 0.18722476065158844, 0.1834639310836792, 0.17584837973117828, 0.18069854378700256, 0.18360969424247742, 0.1748218834400177, 0.1777152419090271, 0.18542908132076263], "learning_rate": [9.999999747378752e-06, 9.999999747378752e-06, 9.999999747378752e-06, 9.999999747378752e-06, 9.999999747378752e-06, 9.999999747378752e-06, 9.999999747378752e-06, 9.999999747378752e-06, 9.999999747378752e-06, 9.999999747378752e-06, 9.999999747378752e-06, 9.999999747378752e-06, 9.999999747378752e-06, 9.999999747378752e-06, 9.999999747378752e-06]}